100,bwill123,03/28/2024,03/29/2024
101,bwill123,03/28/2024,03/29/2024
100,bwill123,04/01/2024,04/03/2024
101,bwill123,04/01/2024,04/03/2024
100,bwill123,03/30/2024,03/30/2024
100,bwill123,03/30/2024,03/30/2024
100,bwill123,03/30/2024,03/30/2024
100,bwill123,03/30/2024,03/30/2024
100,bwill123,03/30/2024,03/30/2024
100,bwill123,03/30/2024,03/30/2024
101,bwill123,03/30/2024,03/30/2024
102,bwill123,03/30/2024,03/30/2024
103,bwill123,03/30/2024,03/30/2024
231,bwill123,03/30/2024,03/30/2024
232,bwill123,03/30/2024,03/30/2024
233,bwill123,03/30/2024,03/30/2024
135,bwill123,03/30/2024,04/02/2024
