213,Dracula plushy,10,50
876,Sticky bomb,30,50
552,Laser Sword,50,50
374,Toy Batmobile,25,50
981,Mike Tyson,15,50
649,Clown Mask,40,50
125,Bean Bag Chair,20,50
523,Dracula Costume,100,50
639,Clown Costume,60,50
742,Black Fedora,250,50
813,James Charles Plushy,2,50
254,Blanket,35,50
378,Blobby Plush,5,50
940,Mug,3,50
628,Vase,10,50
732,Giant Toy Mallet,70,50
951,Scary Baby Doll,12,50
120,Lizzo,90,50
564,Zombie Mask,50,50
871,Pennywise 2 DVD,400,50
339,Giant Spider Decoration,30,50